--
-- PostgreSQL database dump
--

-- Dumped from database version 17.4
-- Dumped by pg_dump version 17.4

-- Started on 2025-05-07 17:58:19

SET statement_timeout = 0;
SET lock_timeout = 0;
SET idle_in_transaction_session_timeout = 0;
SET transaction_timeout = 0;
SET client_encoding = 'UTF8';
SET standard_conforming_strings = on;
SELECT pg_catalog.set_config('search_path', '', false);
SET check_function_bodies = false;
SET xmloption = content;
SET client_min_messages = warning;
SET row_security = off;

SET default_tablespace = '';

SET default_table_access_method = heap;

--
-- TOC entry 217 (class 1259 OID 17574)
-- Name: aluno_treinos; Type: TABLE; Schema: public; Owner: postgres
--

CREATE TABLE public.aluno_treinos (
    aluno_id bigint NOT NULL,
    treino_id bigint NOT NULL
);


ALTER TABLE public.aluno_treinos OWNER TO postgres;

--
-- TOC entry 219 (class 1259 OID 17580)
-- Name: avaliacoes_fisicas; Type: TABLE; Schema: public; Owner: postgres
--

CREATE TABLE public.avaliacoes_fisicas (
    altura numeric(3,2) NOT NULL,
    data date NOT NULL,
    imc numeric(4,2) NOT NULL,
    massa_muscular_kg numeric(5,2) NOT NULL,
    percentual_gordura numeric(4,2) NOT NULL,
    peso numeric(5,2) NOT NULL,
    aluno_id bigint NOT NULL,
    id bigint NOT NULL,
    instrutor_id bigint NOT NULL
);


ALTER TABLE public.avaliacoes_fisicas OWNER TO postgres;

--
-- TOC entry 218 (class 1259 OID 17579)
-- Name: avaliacoes_fisicas_id_seq; Type: SEQUENCE; Schema: public; Owner: postgres
--

ALTER TABLE public.avaliacoes_fisicas ALTER COLUMN id ADD GENERATED BY DEFAULT AS IDENTITY (
    SEQUENCE NAME public.avaliacoes_fisicas_id_seq
    START WITH 1
    INCREMENT BY 1
    NO MINVALUE
    NO MAXVALUE
    CACHE 1
);


--
-- TOC entry 221 (class 1259 OID 17586)
-- Name: exercicios; Type: TABLE; Schema: public; Owner: postgres
--

CREATE TABLE public.exercicios (
    grupo_muscular_id bigint NOT NULL,
    id bigint NOT NULL,
    nome character varying(100) NOT NULL,
    descricao character varying(500)
);


ALTER TABLE public.exercicios OWNER TO postgres;

--
-- TOC entry 220 (class 1259 OID 17585)
-- Name: exercicios_id_seq; Type: SEQUENCE; Schema: public; Owner: postgres
--

ALTER TABLE public.exercicios ALTER COLUMN id ADD GENERATED BY DEFAULT AS IDENTITY (
    SEQUENCE NAME public.exercicios_id_seq
    START WITH 1
    INCREMENT BY 1
    NO MINVALUE
    NO MAXVALUE
    CACHE 1
);


--
-- TOC entry 223 (class 1259 OID 17596)
-- Name: grupos_musculares; Type: TABLE; Schema: public; Owner: postgres
--

CREATE TABLE public.grupos_musculares (
    id bigint NOT NULL,
    nome character varying(50) NOT NULL
);


ALTER TABLE public.grupos_musculares OWNER TO postgres;

--
-- TOC entry 222 (class 1259 OID 17595)
-- Name: grupos_musculares_id_seq; Type: SEQUENCE; Schema: public; Owner: postgres
--

ALTER TABLE public.grupos_musculares ALTER COLUMN id ADD GENERATED BY DEFAULT AS IDENTITY (
    SEQUENCE NAME public.grupos_musculares_id_seq
    START WITH 1
    INCREMENT BY 1
    NO MINVALUE
    NO MAXVALUE
    CACHE 1
);


--
-- TOC entry 224 (class 1259 OID 17603)
-- Name: treino_exercicios; Type: TABLE; Schema: public; Owner: postgres
--

CREATE TABLE public.treino_exercicios (
    repeticoes integer NOT NULL,
    series integer NOT NULL,
    exercicio_id bigint NOT NULL,
    treino_id bigint NOT NULL,
    CONSTRAINT treino_exercicios_repeticoes_check CHECK ((repeticoes >= 1)),
    CONSTRAINT treino_exercicios_series_check CHECK ((series >= 1))
);


ALTER TABLE public.treino_exercicios OWNER TO postgres;

--
-- TOC entry 226 (class 1259 OID 17611)
-- Name: treinos; Type: TABLE; Schema: public; Owner: postgres
--

CREATE TABLE public.treinos (
    id bigint NOT NULL,
    instrutor_id bigint NOT NULL,
    nome character varying(100) NOT NULL
);


ALTER TABLE public.treinos OWNER TO postgres;

--
-- TOC entry 225 (class 1259 OID 17610)
-- Name: treinos_id_seq; Type: SEQUENCE; Schema: public; Owner: postgres
--

ALTER TABLE public.treinos ALTER COLUMN id ADD GENERATED BY DEFAULT AS IDENTITY (
    SEQUENCE NAME public.treinos_id_seq
    START WITH 1
    INCREMENT BY 1
    NO MINVALUE
    NO MAXVALUE
    CACHE 1
);


--
-- TOC entry 228 (class 1259 OID 17617)
-- Name: usuarios; Type: TABLE; Schema: public; Owner: postgres
--

CREATE TABLE public.usuarios (
    data_nascimento date NOT NULL,
    id bigint NOT NULL,
    perfil character varying(20) NOT NULL,
    senha character varying(50) NOT NULL,
    email character varying(100) NOT NULL,
    nome character varying(100) NOT NULL,
    CONSTRAINT usuarios_perfil_check CHECK (((perfil)::text = ANY ((ARRAY['ALUNO'::character varying, 'INSTRUTOR'::character varying])::text[])))
);


ALTER TABLE public.usuarios OWNER TO postgres;

--
-- TOC entry 227 (class 1259 OID 17616)
-- Name: usuarios_id_seq; Type: SEQUENCE; Schema: public; Owner: postgres
--

ALTER TABLE public.usuarios ALTER COLUMN id ADD GENERATED BY DEFAULT AS IDENTITY (
    SEQUENCE NAME public.usuarios_id_seq
    START WITH 1
    INCREMENT BY 1
    NO MINVALUE
    NO MAXVALUE
    CACHE 1
);


--
-- TOC entry 4946 (class 0 OID 17574)
-- Dependencies: 217
-- Data for Name: aluno_treinos; Type: TABLE DATA; Schema: public; Owner: postgres
--

COPY public.aluno_treinos (aluno_id, treino_id) FROM stdin;
1	1
1	2
1	3
2	2
2	4
2	5
2	10
3	1
3	3
3	4
3	5
3	8
4	2
4	6
4	10
5	1
5	3
5	6
5	8
6	1
6	5
6	10
7	2
7	4
7	6
7	8
7	10
\.


--
-- TOC entry 4948 (class 0 OID 17580)
-- Dependencies: 219
-- Data for Name: avaliacoes_fisicas; Type: TABLE DATA; Schema: public; Owner: postgres
--

COPY public.avaliacoes_fisicas (altura, data, imc, massa_muscular_kg, percentual_gordura, peso, aluno_id, id, instrutor_id) FROM stdin;
1.75	2024-01-15	25.63	62.30	18.50	78.50	1	1	8
1.75	2024-04-15	24.88	63.10	16.80	76.20	1	2	9
1.75	2024-07-15	24.42	63.50	15.20	74.80	1	3	10
1.68	2024-01-10	23.14	49.80	22.30	65.30	2	4	8
1.68	2024-04-10	22.50	50.20	20.50	63.50	2	5	9
1.68	2024-07-10	21.90	50.50	19.20	61.80	2	6	10
1.80	2024-02-05	25.43	64.70	20.10	82.40	3	7	8
1.80	2024-05-05	26.11	67.20	19.50	84.60	3	8	9
1.80	2024-08-05	26.60	69.10	18.80	86.20	3	9	10
1.65	2024-02-20	21.56	43.20	24.60	58.70	4	10	8
1.65	2024-05-20	20.90	43.60	23.10	56.90	4	11	9
1.65	2024-08-20	20.31	44.00	21.80	55.30	4	12	10
1.82	2024-03-01	27.23	66.50	25.30	90.20	5	13	8
1.82	2024-06-01	26.72	67.80	23.80	88.50	5	14	9
1.82	2024-09-01	26.17	68.40	22.50	86.70	5	15	10
1.70	2024-03-12	21.59	44.90	26.40	62.40	6	16	8
1.70	2024-06-12	21.04	45.30	24.90	60.80	6	17	9
1.70	2024-09-12	20.59	45.80	23.60	59.50	6	18	10
1.78	2024-01-22	22.19	57.20	17.80	70.30	7	19	8
1.78	2024-04-22	22.91	59.80	16.50	72.60	7	20	9
1.78	2024-07-22	23.42	61.50	15.20	74.20	7	21	10
\.


--
-- TOC entry 4950 (class 0 OID 17586)
-- Dependencies: 221
-- Data for Name: exercicios; Type: TABLE DATA; Schema: public; Owner: postgres
--

COPY public.exercicios (grupo_muscular_id, id, nome, descricao) FROM stdin;
1	1	Supino reto	Exercício clássico para trabalhar o peitoral maior
1	2	Crucifixo reto	Isolamento para o peitoral
1	3	Supino inclinado com halteres	Trabalha a parte superior do peitoral
2	4	Puxada frente	Trabalha o latíssimo do dorso
2	5	Remada curvada	Exercício composto para costas
2	6	Barra fixa	Exercício completo para desenvolvimento das costas
3	7	Agachamento livre	Trabalha quadríceps, glúteos e posteriores
3	8	Cadeira flexora	Foca nos posteriores de coxa
3	9	Leg press 45°	Exercício completo para membros inferiores
4	10	Desenvolvimento com halteres	Fortalece os deltoides
4	11	Elevação lateral	Isola a cabeça média do deltoide
4	12	Remada alta	Trabalha os deltoides e trapézios
5	13	Rosca direta	Isola o bíceps braquial
5	14	Rosca martelo	Trabalha o braquiorradial e o bíceps
5	15	Rosca concentrada	Exercício de isolamento máximo para bíceps
6	16	Tríceps testa	Exercício para a cabeça longa do tríceps
6	17	Tríceps corda	Foco na cabeça lateral do tríceps
6	18	Mergulho entre bancos	Exercício com peso corporal para tríceps
7	19	Elevação pélvica	Trabalha os glúteos e posteriores
7	20	Glúteo na polia	Isolamento para glúteos
7	21	Afundo com passo	Exercício dinâmico para glúteos
8	22	Elevação de panturrilhas em pé	Foco nos gastrocnêmios
8	23	Panturrilha no leg press	Variação para panturrilhas
8	24	Panturrilha sentado	Trabalha o sóleo (porção profunda)
9	25	Abdominal infra	Trabalha a parte inferior do abdômen
9	26	Prancha abdominal	Trabalha toda a região do core
9	27	Russian twist	Exercício para oblíquos e core
10	28	Rosca punho	Fortalece os músculos do antebraço
10	29	Extensão de punho	Isola os extensores do antebraço
10	30	Apertão de pegada	Exercício para fortalecimento geral do antebraço
\.


--
-- TOC entry 4952 (class 0 OID 17596)
-- Dependencies: 223
-- Data for Name: grupos_musculares; Type: TABLE DATA; Schema: public; Owner: postgres
--

COPY public.grupos_musculares (id, nome) FROM stdin;
1	Peito
2	Costas
3	Pernas
4	Ombros
5	Bíceps
6	Tríceps
7	Glúteos
8	Panturrilhas
9	Abdômen
10	Antebraços
\.


--
-- TOC entry 4953 (class 0 OID 17603)
-- Dependencies: 224
-- Data for Name: treino_exercicios; Type: TABLE DATA; Schema: public; Owner: postgres
--

COPY public.treino_exercicios (repeticoes, series, exercicio_id, treino_id) FROM stdin;
8	4	1	1
10	3	13	1
12	3	2	1
10	4	5	1
12	3	16	1
15	3	25	1
8	4	4	2
6	3	28	2
10	4	5	2
10	3	15	2
12	3	14	2
15	2	24	2
6	5	7	3
8	4	12	3
10	4	8	3
8	4	11	3
12	3	19	3
15	3	20	3
8	4	1	4
8	4	2	4
8	4	7	4
10	3	8	4
10	3	17	4
45	3	25	4
5	5	1	5
5	5	2	5
6	4	11	5
6	4	5	5
8	3	16	5
8	5	7	6
10	4	8	6
12	4	9	6
12	3	17	6
15	4	21	6
20	3	22	6
12	4	7	7
12	3	17	7
60	3	25	7
20	3	28	7
15	3	15	7
15	4	4	8
15	4	1	8
20	3	7	8
20	3	16	8
60	3	25	8
12	4	1	9
12	4	2	9
15	4	7	9
15	3	16	9
12	3	1	10
12	3	2	10
15	3	7	10
12	3	8	10
45	3	25	10
10	3	28	10
60	3	25	9
\.


--
-- TOC entry 4955 (class 0 OID 17611)
-- Dependencies: 226
-- Data for Name: treinos; Type: TABLE DATA; Schema: public; Owner: postgres
--

COPY public.treinos (id, instrutor_id, nome) FROM stdin;
1	8	Treino Avançado A - Peito/Tríceps
2	9	Treino Avançado B - Costas/Bíceps
3	10	Treino Avançado C - Pernas/Ombros
4	8	Treino Full Body Intensivo
5	9	Treino Força - Superior
6	10	Treino Hipertrofia - Inferior
7	8	Treino Funcional Completo
8	9	Treino Resistência Muscular
9	10	Treino Definição - ABC
10	8	Treino Preparatório Físico
\.


--
-- TOC entry 4957 (class 0 OID 17617)
-- Dependencies: 228
-- Data for Name: usuarios; Type: TABLE DATA; Schema: public; Owner: postgres
--

COPY public.usuarios (data_nascimento, id, perfil, senha, email, nome) FROM stdin;
1995-05-15	1	ALUNO	senha1234	joao.silva@email.com	João Silva
1998-08-22	2	ALUNO	mariA123	maria.oliveira@email.com	Maria Oliveira
2000-01-10	3	ALUNO	carlos456	carlos.souza@email.com	Carlos Souza
1999-11-30	4	ALUNO	ana7890	ana.pereira@email.com	Ana Pereira
1997-03-25	5	ALUNO	pedroC0st4	pedro.costa@email.com	Pedro Costa
1996-07-18	6	ALUNO	juli@n4	juliana.santos@email.com	Juliana Santos
2001-02-14	7	ALUNO	lukasF3rn	lucas.fernandes@email.com	Lucas Fernandes
1985-09-12	8	INSTRUTOR	Instrutor1	marcos.prof@academia.com	Marcos Profissional
1988-04-05	9	INSTRUTOR	P@tricia2024	patricia.campea@academia.com	Patrícia Campeã
1990-12-20	10	INSTRUTOR	Muscul@cao	ricardo.forte@academia.com	Ricardo Forte
\.


--
-- TOC entry 4963 (class 0 OID 0)
-- Dependencies: 218
-- Name: avaliacoes_fisicas_id_seq; Type: SEQUENCE SET; Schema: public; Owner: postgres
--

SELECT pg_catalog.setval('public.avaliacoes_fisicas_id_seq', 21, true);


--
-- TOC entry 4964 (class 0 OID 0)
-- Dependencies: 220
-- Name: exercicios_id_seq; Type: SEQUENCE SET; Schema: public; Owner: postgres
--

SELECT pg_catalog.setval('public.exercicios_id_seq', 30, true);


--
-- TOC entry 4965 (class 0 OID 0)
-- Dependencies: 222
-- Name: grupos_musculares_id_seq; Type: SEQUENCE SET; Schema: public; Owner: postgres
--

SELECT pg_catalog.setval('public.grupos_musculares_id_seq', 10, true);


--
-- TOC entry 4966 (class 0 OID 0)
-- Dependencies: 225
-- Name: treinos_id_seq; Type: SEQUENCE SET; Schema: public; Owner: postgres
--

SELECT pg_catalog.setval('public.treinos_id_seq', 10, true);


--
-- TOC entry 4967 (class 0 OID 0)
-- Dependencies: 227
-- Name: usuarios_id_seq; Type: SEQUENCE SET; Schema: public; Owner: postgres
--

SELECT pg_catalog.setval('public.usuarios_id_seq', 10, true);


--
-- TOC entry 4774 (class 2606 OID 17578)
-- Name: aluno_treinos aluno_treinos_pkey; Type: CONSTRAINT; Schema: public; Owner: postgres
--

ALTER TABLE ONLY public.aluno_treinos
    ADD CONSTRAINT aluno_treinos_pkey PRIMARY KEY (aluno_id, treino_id);


--
-- TOC entry 4776 (class 2606 OID 17584)
-- Name: avaliacoes_fisicas avaliacoes_fisicas_pkey; Type: CONSTRAINT; Schema: public; Owner: postgres
--

ALTER TABLE ONLY public.avaliacoes_fisicas
    ADD CONSTRAINT avaliacoes_fisicas_pkey PRIMARY KEY (id);


--
-- TOC entry 4778 (class 2606 OID 17594)
-- Name: exercicios exercicios_nome_key; Type: CONSTRAINT; Schema: public; Owner: postgres
--

ALTER TABLE ONLY public.exercicios
    ADD CONSTRAINT exercicios_nome_key UNIQUE (nome);


--
-- TOC entry 4780 (class 2606 OID 17592)
-- Name: exercicios exercicios_pkey; Type: CONSTRAINT; Schema: public; Owner: postgres
--

ALTER TABLE ONLY public.exercicios
    ADD CONSTRAINT exercicios_pkey PRIMARY KEY (id);


--
-- TOC entry 4782 (class 2606 OID 17602)
-- Name: grupos_musculares grupos_musculares_nome_key; Type: CONSTRAINT; Schema: public; Owner: postgres
--

ALTER TABLE ONLY public.grupos_musculares
    ADD CONSTRAINT grupos_musculares_nome_key UNIQUE (nome);


--
-- TOC entry 4784 (class 2606 OID 17600)
-- Name: grupos_musculares grupos_musculares_pkey; Type: CONSTRAINT; Schema: public; Owner: postgres
--

ALTER TABLE ONLY public.grupos_musculares
    ADD CONSTRAINT grupos_musculares_pkey PRIMARY KEY (id);


--
-- TOC entry 4786 (class 2606 OID 17609)
-- Name: treino_exercicios treino_exercicios_pkey; Type: CONSTRAINT; Schema: public; Owner: postgres
--

ALTER TABLE ONLY public.treino_exercicios
    ADD CONSTRAINT treino_exercicios_pkey PRIMARY KEY (exercicio_id, treino_id);


--
-- TOC entry 4788 (class 2606 OID 17615)
-- Name: treinos treinos_pkey; Type: CONSTRAINT; Schema: public; Owner: postgres
--

ALTER TABLE ONLY public.treinos
    ADD CONSTRAINT treinos_pkey PRIMARY KEY (id);


--
-- TOC entry 4790 (class 2606 OID 17624)
-- Name: usuarios usuarios_email_key; Type: CONSTRAINT; Schema: public; Owner: postgres
--

ALTER TABLE ONLY public.usuarios
    ADD CONSTRAINT usuarios_email_key UNIQUE (email);


--
-- TOC entry 4792 (class 2606 OID 17622)
-- Name: usuarios usuarios_pkey; Type: CONSTRAINT; Schema: public; Owner: postgres
--

ALTER TABLE ONLY public.usuarios
    ADD CONSTRAINT usuarios_pkey PRIMARY KEY (id);


--
-- TOC entry 4793 (class 2606 OID 17630)
-- Name: aluno_treinos fk_alunotreinos_aluno; Type: FK CONSTRAINT; Schema: public; Owner: postgres
--

ALTER TABLE ONLY public.aluno_treinos
    ADD CONSTRAINT fk_alunotreinos_aluno FOREIGN KEY (aluno_id) REFERENCES public.usuarios(id);


--
-- TOC entry 4794 (class 2606 OID 17625)
-- Name: aluno_treinos fk_alunotreinos_treino; Type: FK CONSTRAINT; Schema: public; Owner: postgres
--

ALTER TABLE ONLY public.aluno_treinos
    ADD CONSTRAINT fk_alunotreinos_treino FOREIGN KEY (treino_id) REFERENCES public.treinos(id);


--
-- TOC entry 4795 (class 2606 OID 17635)
-- Name: avaliacoes_fisicas fk_avaliacaofisica_aluno; Type: FK CONSTRAINT; Schema: public; Owner: postgres
--

ALTER TABLE ONLY public.avaliacoes_fisicas
    ADD CONSTRAINT fk_avaliacaofisica_aluno FOREIGN KEY (aluno_id) REFERENCES public.usuarios(id);


--
-- TOC entry 4796 (class 2606 OID 17640)
-- Name: avaliacoes_fisicas fk_avaliacaofisica_instrutor; Type: FK CONSTRAINT; Schema: public; Owner: postgres
--

ALTER TABLE ONLY public.avaliacoes_fisicas
    ADD CONSTRAINT fk_avaliacaofisica_instrutor FOREIGN KEY (instrutor_id) REFERENCES public.usuarios(id);


--
-- TOC entry 4797 (class 2606 OID 17645)
-- Name: exercicios fk_exercicio_grupomuscular; Type: FK CONSTRAINT; Schema: public; Owner: postgres
--

ALTER TABLE ONLY public.exercicios
    ADD CONSTRAINT fk_exercicio_grupomuscular FOREIGN KEY (grupo_muscular_id) REFERENCES public.grupos_musculares(id);


--
-- TOC entry 4800 (class 2606 OID 17660)
-- Name: treinos fk_treino_instrutor; Type: FK CONSTRAINT; Schema: public; Owner: postgres
--

ALTER TABLE ONLY public.treinos
    ADD CONSTRAINT fk_treino_instrutor FOREIGN KEY (instrutor_id) REFERENCES public.usuarios(id);


--
-- TOC entry 4798 (class 2606 OID 17655)
-- Name: treino_exercicios fk_treinoexercicio_exercicio; Type: FK CONSTRAINT; Schema: public; Owner: postgres
--

ALTER TABLE ONLY public.treino_exercicios
    ADD CONSTRAINT fk_treinoexercicio_exercicio FOREIGN KEY (exercicio_id) REFERENCES public.exercicios(id);


--
-- TOC entry 4799 (class 2606 OID 17650)
-- Name: treino_exercicios fk_treinoexercicio_treino; Type: FK CONSTRAINT; Schema: public; Owner: postgres
--

ALTER TABLE ONLY public.treino_exercicios
    ADD CONSTRAINT fk_treinoexercicio_treino FOREIGN KEY (treino_id) REFERENCES public.treinos(id);


-- Completed on 2025-05-07 17:58:19

--
-- PostgreSQL database dump complete
--

